{
    "sunday": {
        "breakfast": {
            "Egg substitute, omelet, scrambled, or fried, fat added": 72.86519622802734,
            "Egg, whole, fried with oil": 82.16089630126953,
            "Biscuit, wheat": 67.96330261230469,
            "Peanut butter": 35.22800064086914,
            "Bread, gluten free, toasted": 5.517499923706055
        },
        "lunch": {
            "Vegan mayonnaise": 37.912899017333984,
            "Pepper, sweet, red, raw": 138.63389587402344,
            "Tofu": 39.25210189819336,
            "Tortilla, corn": 65.43939971923828,
            "Snowpeas, raw": 67.93229675292969
        },
        "dinner": {
            "Asparagus, raw": 82.70439910888672,
            "Olive oil": 17.736400604248047,
            "Corn schnitzel": 93.82050323486328,
            "Vegan pesto sauce": 18.47879981994629,
            "Date": 112.55970001220703,
            "Vegan burger patty, no bun": 62.76839828491211
        }
    },
    "monday": {
        "breakfast": {
            "Bread, whole wheat": 75.70719909667969,
            "Blueberries, raw": 95.22589874267578,
            "Cherries, raw": 64.94339752197266,
            "Guacamole, NFS": 52.472198486328125,
            "Bread, gluten free, toasted": 53.20949935913086
        },
        "lunch": {
            "Pasta, vegan": 212.07980346679688,
            "Tomatoes, raw": 45.579498291015625,
            "Tortilla, whole wheat": 46.59320068359375,
            "Carrots, raw": 65.73899841308594,
            "Guacamole, NFS": 63.893798828125,
            "Potato chips, NFS": 37.94340133666992,
            "Tortilla, corn": 46.1515998840332
        },
        "dinner": {
            "Zucchini, pickled": 157.9687957763672,
            "Potato, french fries, NFS": 103.84329986572266,
            "Olive oil": 17.770700454711914,
            "Ketchup": 26.579200744628906,
            "Chocolate chips": 44.6432991027832,
            "Seitan": 141.7261962890625
        }
    },
    "tuesday": {
        "breakfast": {
            "Sugar, cinnamon": 242.58909606933594,
            "Peanut butter": 28.516700744628906,
            "Blueberries, raw": 84.17479705810547,
            "Mango, dried": 54.539398193359375,
            "Almonds, NFS": 33.77859878540039
        },
        "lunch": {
            "Avocado, raw": 51.246498107910156,
            "Tomatoes, raw": 54.747798919677734,
            "Tortilla, whole wheat": 65.97489929199219,
            "Egg substitute, omelet, scrambled, or fried, fat added": 57.31829833984375,
            "Pretzels, NFS": 45.44810104370117,
            "Tortilla, corn": 79.24220275878906,
            "Almonds, NFS": 36.792999267578125
        },
        "dinner": {
            "Broccoli, raw": 51.168800354003906,
            "Dark chocolate": 57.579898834228516,
            "Pasta, gluten free": 191.0968017578125,
            "Carrots, raw": 67.868896484375
        }
    },
    "wednesday": {
        "breakfast": {
            "Tomatoes, raw": 43.39289855957031,
            "Banana, raw": 91.40059661865234,
            "Mango, dried": 48.64950180053711,
            "Bread, gluten free, toasted": 97.7489013671875
        },
        "lunch": {
            "Chickpea": 91.61250305175781,
            "Olives, NFS": 57.184200286865234,
            "Tomatoes, raw": 51.22529983520508,
            "Cucumber, raw": 51.413299560546875,
            "Vinaigrette": 32.08000183105469,
            "Hummus, plain": 48.83689880371094,
            "Banana chips": 50.70899963378906,
            "Bread, gluten free, toasted": 51.04560089111328,
            "Vegan cheese": 35.400001525878906
        },
        "dinner": {
            "Sweet potato, baked, NS as to fat": 151.98109436035156,
            "Broccoli, raw": 93.05460357666016,
            "Dark chocolate": 30.05459976196289,
            "Popcorn, NFS": 34.60770034790039,
            "Cake or cupcake, gluten free": 75.55549621582031
        }
    },
    "thursday": {
        "breakfast": {
            "Popcorn, NFS": 70.19869995117188,
            "Banana, raw": 116.21029663085938,
            "Bread, gluten free": 59.05590057373047,
            "Bread, gluten free, toasted": 55.20640182495117,
            "Corn schnitzel": 32.61989974975586
        },
        "lunch": {
            "Bread, whole wheat": 77.01499938964844,
            "Egg substitute, omelet, scrambled, or fried, fat added": 65.97270202636719,
            "Mango, dried": 47.648799896240234,
            "Bread, gluten free, toasted": 78.36370086669922
        },
        "dinner": {
            "Potato, mashed, NFS": 379.3835144042969,
            "Asparagus, raw": 141.87869262695312,
            "Olive oil": 16.882600784301758,
            "Vegan cheese": 36.64630126953125,
            "Date": 110.81060028076172
        }
    },
    "friday": {
        "breakfast": {
            "Cereal, granola": 38.67530059814453,
            "Raspberries, raw": 57.5724983215332,
            "Bread, pita": 54.50519943237305,
            "Corn schnitzel": 207.94729614257812,
            "Bread, gluten free, toasted": 66.36959838867188
        },
        "lunch": {
            "Mustard": 25.2268009185791,
            "Tomatoes, raw": 40.140899658203125,
            "Hummus, plain": 87.83149719238281,
            "Carrots, raw": 81.033203125,
            "Tortilla, corn": 80.98789978027344,
            "Vegan cheese": 47.39509963989258,
            "Tofu": 99.99449920654297
        },
        "dinner": {
            "Rice noodles, cooked": 168.9517059326172,
            "Tofu": 93.95659637451172,
            "Snowpeas, raw": 68.95780181884766,
            "Olive oil": 40.687198638916016,
            "Peanut sauce": 40.894901275634766,
            "Milk, low fat (1%)": 202.67269897460938,
            "Almond butter": 5.202899932861328
        }
    },
    "saturday": {
        "breakfast": {
            "Cucumber, raw": 44.989601135253906,
            "Avocado, raw": 86.285400390625,
            "Egg, whole, fried with oil": 57.152099609375,
            "Egg, whole, boiled or poached": 49.16080093383789,
            "Bread, gluten free": 17.221799850463867
        },
        "lunch": {
            "Chickpea": 73.06620025634766,
            "Lettuce, raw": 35.24480056762695,
            "Tomatoes, raw": 47.69169998168945,
            "Cucumber, raw": 40.950401306152344,
            "Olives, NFS": 55.819400787353516,
            "Vegan cheese": 13.129500389099121,
            "Tortilla, corn": 30.60300064086914
        },
        "dinner": {
            "Pasta, vegan": 202.1490020751953,
            "Black beans, NFS": 82.0541000366211,
            "Guacamole, NFS": 40.18199920654297,
            "Salsa, NFS": 54.8400993347168,
            "Chocolate chips": 44.15489959716797,
            "Tofu": 49.19179916381836
        }
    }
}