{
    "sunday": {
        "breakfast": {
            "Blueberries, raw": 73.93572235107422,
            "Yogurt, coconut milk": 242.1307373046875,
            "Vegan cheese": 30.379045486450195
        },
        "lunch": {
            "Pepper, sweet, red, raw": 120.66480255126953,
            "Peach, raw": 145.75714111328125,
            "Walnut": 49.58414840698242,
            "Tofu": 84.32493591308594,
            "Vegan mayonnaise": 14.511157035827637,
            "Tortilla, corn": 60.01233673095703
        },
        "dinner": {
            "Asparagus, raw": 93.94049072265625,
            "Olive oil": 15.083803176879883,
            "Vegan pesto sauce": 15.722246170043945,
            "Ice cream, lactose free": 172.9461669921875,
            "Pasta, gluten free": 196.0135498046875,
            "Vegan burger patty, no bun": 88.72222900390625
        }
    },
    "monday": {
        "breakfast": {
            "Avocado, raw": 92.8801040649414,
            "Cherries, raw": 88.99666595458984,
            "Almonds, NFS": 35.148658752441406,
            "Egg substitute, omelet, scrambled, or fried, fat added": 48.440860748291016,
            "Bread, gluten free, toasted": 40.431880950927734
        },
        "lunch": {
            "Black beans, NFS": 121.14998626708984,
            "Corn, canned, cooked, no added fat": 48.13855743408203,
            "Salsa, NFS": 60.63508987426758,
            "Guacamole, NFS": 59.185401916503906,
            "Carrots, raw": 70.9502182006836,
            "Hummus, plain": 62.07141876220703,
            "Vegan cheese": 31.21942901611328,
            "Tortilla, corn": 54.62519836425781
        },
        "dinner": {
            "Zucchini, pickled": 116.39402770996094,
            "Potato, french fries, NFS": 114.18511962890625,
            "Olive oil": 16.845823287963867,
            "Ketchup": 12.13950252532959,
            "Chocolate chips": 54.494773864746094,
            "Seitan": 155.5155029296875
        }
    },
    "tuesday": {
        "breakfast": {
            "Sugar, cinnamon": 233.45516967773438,
            "Peanut butter": 18.512805938720703,
            "Blueberries, raw": 69.56697082519531,
            "Bread, gluten free, toasted": 60.71571350097656,
            "Almonds, NFS": 35.76689529418945
        },
        "lunch": {
            "Avocado, raw": 50.040306091308594,
            "Tomatoes, raw": 49.86541748046875,
            "Hummus, plain": 60.52731704711914,
            "Tofu": 110.93173217773438,
            "Vegan cheese": 27.97246551513672,
            "Bread, gluten free, toasted": 58.92143249511719
        },
        "dinner": {
            "Salsa, NFS": 62.101051330566406,
            "Date": 39.27924728393555,
            "Almond butter": 13.610834121704102,
            "Vegan cheese": 27.505075454711914,
            "Tortilla, corn": 58.4805793762207,
            "Tofu": 82.46896362304688
        }
    },
    "wednesday": {
        "breakfast": {
            "Peanut butter": 29.01753807067871,
            "Banana, raw": 116.19834899902344,
            "Raspberries, raw": 78.5673828125,
            "Yogurt, Greek, whole milk, plain": 241.15016174316406,
            "Bread, gluten free, toasted": 40.5262336730957
        },
        "lunch": {
            "Chickpea": 119.92191314697266,
            "Olives, NFS": 56.97486114501953,
            "Tomatoes, raw": 49.6077880859375,
            "Cucumber, raw": 49.29517364501953,
            "Vinaigrette": 29.831268310546875,
            "Banana chips": 49.62063980102539,
            "Guacamole, NFS": 60.438377380371094,
            "Vegan cheese": 28.49093246459961,
            "Bread, gluten free, toasted": 45.12879180908203
        },
        "dinner": {
            "Sweet potato, baked, NS as to fat": 148.57911682128906,
            "Broccoli, raw": 73.36566162109375,
            "Olive oil": 14.667478561401367,
            "Dark chocolate": 28.930274963378906,
            "Popcorn, NFS": 31.591115951538086,
            "Vegan burger patty, no bun": 110.33692169189453
        }
    },
    "thursday": {
        "breakfast": {
            "Apple, raw": 179.60336303710938,
            "Peanut butter": 19.14917755126953,
            "Vegan cream cheese": 43.406375885009766,
            "Bread, gluten free, toasted": 76.70780944824219,
            "Vegan burger patty, no bun": 28.011659622192383
        },
        "lunch": {
            "Yogurt, Greek, whole milk, plain": 96.35372161865234,
            "Mango, dried": 60.81501007080078,
            "Almonds, NFS": 34.73537063598633,
            "Egg substitute, omelet, scrambled, or fried, fat added": 101.47787475585938,
            "Bread, gluten free, toasted": 75.63467407226562
        },
        "dinner": {
            "Zucchini, pickled": 117.1341323852539,
            "Olive oil": 20.152118682861328,
            "Vegan cheese": 32.23411560058594,
            "Ice cream, lactose free": 241.0044708251953,
            "Pasta, gluten free": 468.66522216796875
        }
    },
    "friday": {
        "breakfast": {
            "Cereal, granola": 28.56255340576172,
            "Blueberries, raw": 73.20178985595703,
            "Hummus, plain": 59.21436309814453,
            "Yogurt, coconut milk": 241.76736450195312,
            "Bread, gluten free, toasted": 51.49205017089844
        },
        "lunch": {
            "Mustard": 15.826616287231445,
            "Tomatoes, raw": 44.02626037597656,
            "Carrots, raw": 79.067626953125,
            "Nectarine, raw": 150.98709106445312,
            "Walnut": 49.174171447753906,
            "Bread, gluten free, toasted": 81.70329284667969,
            "Tofu": 112.0455322265625
        },
        "dinner": {
            "Rice noodles, cooked": 196.82887268066406,
            "Tofu": 85.2968521118164,
            "Snowpeas, raw": 74.4845962524414,
            "Peanut sauce": 28.607318878173828,
            "Almond milk, unsweetened": 240.93148803710938,
            "Cookie, gluten free": 52.55242156982422
        }
    },
    "saturday": {
        "breakfast": {
            "Avocado, raw": 92.46778106689453,
            "Cucumber, raw": 42.31655502319336,
            "Egg substitute, omelet, scrambled, or fried, fat added": 48.34434509277344,
            "Bread, gluten free": 37.4559326171875
        },
        "lunch": {
            "Hummus, plain": 59.77430725097656,
            "Lettuce, raw": 32.47725296020508,
            "Tomatoes, raw": 31.585573196411133,
            "Cucumber, raw": 31.207473754882812,
            "Olives, NFS": 62.47189712524414,
            "Popcorn, NFS": 59.16373825073242,
            "Vegan cheese": 27.501628875732422,
            "Tortilla, corn": 56.376686096191406
        },
        "dinner": {
            "Rice, brown, cooked, NS as to fat": 199.1089324951172,
            "Black beans, NFS": 78.13822174072266,
            "Guacamole, NFS": 58.51163864135742,
            "Salsa, NFS": 59.49087905883789,
            "Chocolate chips": 61.3491325378418,
            "Tofu": 83.52813720703125
        }
    }
}