{
    "sunday": {
        "breakfast": {
            "Bread, gluten free, toasted": 70.0748062133789,
            "Egg, whole, fried with oil": 110.30188751220703,
            "Apple, raw": 154.1758575439453,
            "Honeydew melon, raw": 202.42965698242188,
            "Chickpea": 111.91854095458984,
            "Cashews, NFS": 36.715152740478516
        },
        "lunch": {
            "Fish, tuna, canned": 143.80950927734375,
            "Vegan cheese": 30.507335662841797,
            "Tangerine, raw": 86.23236846923828,
            "Bagel, whole wheat": 118.13374328613281,
            "Hummus, plain": 70.59207916259766,
            "Broccoli, raw": 61.28337860107422
        },
        "dinner": {
            "Couscous, plain, cooked": 122.35926055908203,
            "Almonds, NFS": 26.569129943847656,
            "Corn schnitzel": 189.72201538085938,
            "Broccoli, raw": 101.8627700805664,
            "Olive oil": 20.090456008911133,
            "Date": 114.7399673461914,
            "Olives, NFS": 32.244625091552734
        }
    },
    "monday": {
        "breakfast": {
            "Apple, raw": 266.8012390136719,
            "Bread, gluten free, toasted": 55.1842041015625,
            "Hummus, plain": 82.3221664428711,
            "Almonds, NFS": 16.968360900878906,
            "Chocolate chips": 90.61389923095703,
            "Honey": 27.850479125976562
        },
        "lunch": {
            "Bean soup, NFS": 408.375244140625,
            "Corn, canned, cooked, no added fat": 59.750396728515625,
            "Cheese, Cheddar": 38.658939361572266,
            "Hummus, plain": 70.80250549316406,
            "Corn schnitzel": 124.63162994384766,
            "Bread, gluten free, toasted": 64.0708236694336,
            "Potato chips, NFS": 31.199405670166016
        },
        "dinner": {
            "Bread, gluten free, toasted": 119.18348693847656,
            "Yogurt, coconut milk": 213.39552307128906,
            "Potato, french fries, NFS": 92.68905639648438,
            "Ice cream, NFS": 154.43374633789062,
            "Spinach, raw": 55.38581848144531
        }
    },
    "tuesday": {
        "breakfast": {
            "Sugar, cinnamon": 272.3332214355469,
            "Peanut butter": 34.88642501831055,
            "Apple, raw": 164.4779815673828,
            "Peach, raw": 171.23599243164062
        },
        "lunch": {
            "Black beans, NFS": 103.96074676513672,
            "Corn, canned, cooked, no added fat": 75.79251861572266,
            "Cheese, Cheddar": 29.362686157226562,
            "Hummus, plain": 153.10902404785156,
            "Yogurt, Greek, whole milk, plain": 291.58197021484375,
            "Tortilla, corn": 76.45864868164062
        },
        "dinner": {
            "Tortilla, corn": 106.13386535644531,
            "Peanut butter": 38.1262321472168,
            "Pasta, gluten free": 401.4990539550781,
            "Carrots, raw": 86.05681610107422
        }
    },
    "wednesday": {
        "breakfast": {
            "Tomatoes, raw": 27.28948402404785,
            "Bread, gluten free, toasted": 49.36800765991211,
            "Tofu": 110.41616821289062,
            "Apple, raw": 223.67726135253906,
            "Almonds, NFS": 18.24835777282715,
            "Hummus, plain": 98.9450454711914
        },
        "lunch": {
            "Chickpea": 92.30634307861328,
            "Olives, NFS": 34.56934356689453,
            "Cheese, Feta": 31.558366775512695,
            "Tomatoes, raw": 94.51361846923828,
            "Cucumber, raw": 54.37263870239258,
            "Vinaigrette": 31.708375930786133,
            "Hummus, plain": 64.13178253173828,
            "Cheese, Cheddar": 20.8813419342041
        },
        "dinner": {
            "Black beans, NFS": 62.93545150756836,
            "Turkey, light and dark meat, roasted, skin not eaten": 207.30929565429688,
            "Bread, gluten free, toasted": 129.47991943359375,
            "Edamame, cooked": 44.897891998291016,
            "Oats, raw": 31.18486785888672,
            "Cucumber, raw": 62.74921798706055
        }
    },
    "thursday": {
        "breakfast": {
            "Vegan cheese": 40.3521728515625,
            "Banana, raw": 132.22451782226562,
            "Egg, whole, boiled or poached": 105.9246826171875,
            "Bread, gluten free, toasted": 45.53175354003906,
            "Hummus, plain": 77.6294174194336
        },
        "lunch": {
            "Turkey, NFS": 129.1364288330078,
            "Lettuce, raw": 17.58885955810547,
            "Yogurt, Greek, nonfat milk, plain": 201.0745086669922,
            "Guacamole, NFS": 127.7490463256836,
            "Blueberries, raw": 77.1264419555664,
            "Walnut": 20.715063095092773
        },
        "dinner": {
            "Salsa, NFS": 112.46265411376953,
            "Pasta, gluten free": 230.05987548828125,
            "Asparagus, raw": 223.395263671875,
            "Mango, raw": 19.11172103881836,
            "Vegan cheese": 51.425846099853516
        }
    },
    "friday": {
        "breakfast": {
            "Yogurt, Greek, whole milk, plain": 275.2982177734375,
            "Blueberries, raw": 62.75899124145508,
            "Potato, french fries, NFS": 68.54720306396484,
            "Oats, raw": 34.39533615112305,
            "Vegan cheese": 33.567752838134766
        },
        "lunch": {
            "Banana, raw": 134.99537658691406,
            "Lettuce, raw": 30.760791778564453,
            "Potato chips, NFS": 42.622615814208984,
            "Carrots, raw": 90.6383285522461,
            "Bread, gluten free, toasted": 49.24315643310547,
            "Avocado, raw": 69.30338287353516,
            "Cucumber, raw": 72.32076263427734,
            "Honey": 20.03411102294922
        },
        "dinner": {
            "Tofu": 132.03369140625,
            "Rice noodles, cooked": 232.8332977294922,
            "Snowpeas, raw": 55.02878952026367,
            "Corn schnitzel": 83.3731460571289,
            "Date": 80.21322631835938,
            "Almond butter": 34.6395378112793,
            "Dark chocolate": 28.605342864990234
        }
    },
    "saturday": {
        "breakfast": {
            "Avocado, raw": 116.59833526611328,
            "Banana, raw": 140.72425842285156,
            "Yogurt, Greek, nonfat milk, plain": 280.71807861328125,
            "Bread, gluten free, toasted": 65.80413055419922,
            "Peanut butter": 29.13039779663086
        },
        "lunch": {
            "Chickpea": 89.64649200439453,
            "Olives, NFS": 58.55089569091797,
            "Cheese, Feta": 28.96493148803711,
            "Cherries, raw": 92.7984619140625,
            "Vinaigrette": 32.56708526611328,
            "Hummus, plain": 67.62553405761719,
            "Almonds, NFS": 23.270938873291016,
            "Cranberries, dried": 32.57852554321289,
            "Bread, gluten free, toasted": 67.26998138427734
        },
        "dinner": {
            "Peanut butter": 29.825923919677734,
            "Brussels sprouts, raw": 154.54336547851562,
            "Spinach, raw": 20.87411117553711,
            "Popcorn, NFS": 16.562585830688477,
            "Cashews, NFS": 31.637187957763672,
            "Dark chocolate": 37.60257339477539,
            "Rice, brown, cooked, NS as to fat": 222.6751708984375
        }
    }
}