{
    "sunday": {
        "breakfast": {
            "Blueberries, raw": 24.894691467285156,
            "Cereal, granola": 25.912954330444336,
            "Pudding, tapioca, vegan": 152.4864959716797
        },
        "lunch": {
            "Bread, pita": 100.93475341796875,
            "Falafel": 100.91199493408203,
            "Tahini": 19.644001007080078,
            "Cucumber, raw": 31.245361328125
        },
        "dinner": {
            "Stuffed pepper, with rice, meatless": 302.19427490234375,
            "Dark chocolate": 51.048065185546875
        }
    },
    "monday": {
        "breakfast": {
            "Oatmeal, NFS": 256.8385314941406,
            "Berries, NFS": 101.18035888671875
        },
        "lunch": {
            "Quinoa, NS as to fat": 101.62913513183594,
            "Tomatoes, raw": 76.27986907958984,
            "Cucumber, raw": 76.10868835449219,
            "Corn schnitzel": 149.94277954101562
        },
        "dinner": {
            "Broccoli, raw": 100.41124725341797,
            "Sweet potato, NFS": 150.43630981445312,
            "Walnut": 21.42022705078125,
            "Corn schnitzel": 200.96600341796875,
            "Yogurt, coconut milk": 99.80625915527344,
            "Jam or jelly, fruit juice sweetened": 11.63150405883789
        }
    },
    "tuesday": {
        "breakfast": {
            "Oatmeal, NFS": 252.3444366455078,
            "Berries, NFS": 102.62061309814453
        },
        "lunch": {
            "Quinoa, NS as to fat": 100.95700073242188,
            "Chickpea": 50.56934356689453,
            "Cucumber, raw": 50.656455993652344,
            "Tomatoes, raw": 50.51820755004883
        },
        "dinner": {
            "Broccoli, raw": 51.614463806152344,
            "Rice, brown, cooked, NS as to fat": 52.24897766113281,
            "Apple, raw": 120.62290954589844,
            "Almond butter": 31.92978286743164,
            "Corn schnitzel": 201.40164184570312
        }
    },
    "wednesday": {
        "breakfast": {
            "Blueberries, raw": 26.021421432495117,
            "Cereal, granola": 25.384681701660156,
            "Pudding, tapioca, vegan": 149.704833984375
        },
        "lunch": {
            "Bean soup, NFS": 199.71365356445312,
            "Bread, whole grain white, toasted": 99.66012573242188
        },
        "dinner": {
            "Broccoli, raw": 50.440677642822266,
            "Rice, brown, cooked, NS as to fat": 50.40329360961914,
            "Apple, raw": 119.3912124633789,
            "Almond butter": 31.147193908691406,
            "Corn schnitzel": 202.1171417236328
        }
    },
    "thursday": {
        "breakfast": {
            "Mango, raw": 50.29924392700195,
            "Pudding, tapioca, vegan": 151.0267333984375
        },
        "lunch": {
            "Bread, pita": 100.72810363769531,
            "Hummus, plain": 102.59426879882812,
            "Avocado, raw": 50.70793533325195
        },
        "dinner": {
            "Quinoa, NS as to fat": 202.303955078125,
            "Black beans, NFS": 100.80104064941406,
            "Peanuts, NFS": 100.80240631103516
        }
    },
    "friday": {
        "breakfast": {
            "Bread, whole grain white, toasted": 100.79237365722656,
            "Avocado, raw": 50.83037185668945
        },
        "lunch": {
            "Bread, pita": 100.74760437011719,
            "Hummus, plain": 100.32096862792969,
            "Avocado, raw": 49.51410675048828
        },
        "dinner": {
            "Sweet potato, baked, NS as to fat": 150.69900512695312,
            "Black beans, NFS": 100.04348754882812,
            "Salsa, NFS": 50.1914176940918,
            "Yogurt, coconut milk": 100.47933197021484,
            "Berries, NFS": 50.3289909362793
        }
    },
    "saturday": {
        "breakfast": {
            "Pancake syrup": 24.383501052856445,
            "Vegan pancakes": 173.64915466308594
        },
        "lunch": {
            "Sushi roll, avocado": 251.00616455078125
        },
        "dinner": {
            "Celery, raw": 101.19828033447266,
            "Peanut butter": 52.208740234375,
            "Fried eggplant": 301.9811706542969
        }
    }
}