{
    "sunday": {
        "breakfast": {
            "Blueberries, raw": 19.217893600463867,
            "Cereal, granola": 22.839611053466797,
            "Pudding, tapioca, vegan": 142.4596710205078
        },
        "lunch": {
            "Bread, pita": 102.14429473876953,
            "Bagel, whole wheat": 98.98963928222656,
            "Tahini": 19.830501556396484,
            "Cucumber, raw": 26.75701332092285
        },
        "dinner": {
            "Stuffed pepper, with rice, meatless": 306.9200439453125,
            "Dark chocolate": 43.01100158691406
        }
    },
    "monday": {
        "breakfast": {
            "Oatmeal, NFS": 248.61941528320312,
            "Berries, NFS": 97.08416748046875
        },
        "lunch": {
            "Quinoa, NS as to fat": 94.16185760498047,
            "Tomatoes, raw": 77.93811798095703,
            "Cucumber, raw": 73.4154052734375,
            "Corn schnitzel": 154.73692321777344
        },
        "dinner": {
            "Broccoli, raw": 99.3349609375,
            "Sweet potato, NFS": 160.05157470703125,
            "Corn schnitzel": 187.67518615722656,
            "Avocado, raw": 96.39411926269531,
            "Jam or jelly, fruit juice sweetened": 9.120199203491211
        }
    },
    "tuesday": {
        "breakfast": {
            "Oatmeal, NFS": 256.6856384277344,
            "Berries, NFS": 104.95425415039062
        },
        "lunch": {
            "Quinoa, NS as to fat": 101.91709899902344,
            "Chickpea": 48.40404510498047,
            "Cucumber, raw": 50.18673324584961,
            "Tomatoes, raw": 49.11369705200195
        },
        "dinner": {
            "Broccoli, raw": 49.38854217529297,
            "Rice, brown, cooked, NS as to fat": 49.219539642333984,
            "Apple, raw": 123.49488830566406,
            "Almond butter": 25.41598129272461,
            "Corn schnitzel": 203.23785400390625
        }
    },
    "wednesday": {
        "breakfast": {
            "Blueberries, raw": 20.93474578857422,
            "Cereal, granola": 23.64126205444336,
            "Pudding, tapioca, vegan": 140.29568481445312
        },
        "lunch": {
            "Bean soup, NFS": 203.126953125,
            "Bread, whole grain white, toasted": 102.0218734741211
        },
        "dinner": {
            "Broccoli, raw": 50.02970504760742,
            "Rice, brown, cooked, NS as to fat": 49.77033233642578,
            "Apple, raw": 121.71298217773438,
            "Almond butter": 30.470256805419922,
            "Hot dog, vegan": 206.13780212402344
        }
    },
    "thursday": {
        "breakfast": {
            "Mango, raw": 47.26020431518555,
            "Pudding, tapioca, vegan": 145.32553100585938
        },
        "lunch": {
            "Bread, pita": 102.4599380493164,
            "Hummus, plain": 99.64453125,
            "Biscuit, wheat": 51.098106384277344
        },
        "dinner": {
            "Quinoa, NS as to fat": 201.42111206054688,
            "Black beans, NFS": 100.9559326171875,
            "Peanuts, NFS": 97.88363647460938
        }
    },
    "friday": {
        "breakfast": {
            "Bread, whole grain white, toasted": 97.81561279296875,
            "Avocado, raw": 48.86373519897461
        },
        "lunch": {
            "Bread, pita": 98.24591064453125,
            "Hummus, plain": 101.98167419433594,
            "Avocado, raw": 50.98005676269531
        },
        "dinner": {
            "Sweet potato, baked, NS as to fat": 155.4297637939453,
            "Black beans, NFS": 102.66073608398438,
            "Salsa, NFS": 50.81477737426758,
            "Yogurt, coconut milk": 102.51422882080078,
            "Berries, NFS": 47.114498138427734
        }
    },
    "saturday": {
        "breakfast": {
            "Pancake syrup": 29.000307083129883,
            "Vegan pancakes": 175.21102905273438
        },
        "lunch": {
            "Sushi roll, avocado": 257.833251953125
        },
        "dinner": {
            "Celery, raw": 104.40077209472656,
            "Peanut butter": 52.48345184326172,
            "Fried eggplant": 302.630615234375
        }
    }
}