{
    "sunday": {
        "breakfast": {
            "Potato, baked, NFS": 20465.16796875,
            "Tofu": 19508.734375
        },
        "lunch": {
            "Cheese, Mozzarella, part skim": 2711.935302734375,
            "Rice, white, cooked, NS as to fat": 8852.7578125,
            "Avocado, raw": 14497.400390625,
            "Tortilla, corn": 3648.36572265625
        },
        "dinner": {
            "Vegan burger patty, no bun": 20140.2265625
        }
    },
    "monday": {
        "breakfast": {
            "Yogurt, Greek, whole milk, plain": 19318.77734375,
            "Almond milk, unsweetened": 22335.3828125
        },
        "lunch": {
            "Tofu": 23205.013671875,
            "Spinach, raw": 3009.1572265625,
            "Bread, gluten free, toasted": 6742.4638671875
        },
        "dinner": {
            "Hot dog, vegan": 32856.53125,
            "Vegan burger patty, no bun": 7738.845703125
        }
    },
    "tuesday": {
        "breakfast": {
            "Yogurt, Greek, whole milk, plain": 11103.0771484375,
            "Crackers, matzo": 3451.96484375
        },
        "lunch": {
            "Tofu": 17106.82421875,
            "Mushrooms, raw": 4927.46435546875,
            "Cherries, raw": 2657.85693359375,
            "Lime juice, 100%, freshly squeezed": 1716.559814453125,
            "Bread, gluten free, toasted": 517.66455078125
        },
        "dinner": {
            "Sweet potato, baked, NS as to fat": 14275.4619140625,
            "Lettuce, raw": 115.30054473876953,
            "Hot dog, vegan": 35830.26171875,
            "Vegan burger patty, no bun": 51520.171875
        }
    },
    "wednesday": {
        "breakfast": {
            "Oats, raw": 3699.263671875,
            "Almond milk, unsweetened": 20069.41796875,
            "Pancakes, gluten free": 22016.296875
        },
        "lunch": {
            "Cheese, Provolone": 3085.76806640625,
            "Salsa, NFS": 56.36030960083008,
            "Tofu": 33410.72265625
        },
        "dinner": {
            "Lettuce, raw": 1445.335205078125,
            "Vegan burger patty, no bun": 18614.080078125
        }
    },
    "thursday": {
        "breakfast": {
            "Yogurt, Greek, whole milk, plain": 18719.0546875,
            "Tofu": 15506.6611328125
        },
        "lunch": {
            "Hot dog, vegan": 20657.767578125,
            "Avocado, raw": 5244.70947265625,
            "Tofu": 20316.322265625
        },
        "dinner": {
            "Lettuce, raw": 53.29538345336914,
            "Hot dog, vegan": 42689.7578125
        }
    },
    "friday": {
        "breakfast": {
            "Almond milk, unsweetened": 16726.5859375,
            "Pancakes, gluten free": 15497.4287109375
        },
        "lunch": {
            "Rice, white, cooked, NS as to fat": 11355.6103515625,
            "Bread, gluten free, toasted": 3872.37744140625,
            "Tofu": 20677.779296875
        },
        "dinner": {
            "Potato, baked, NFS": 22309.6640625,
            "Hot dog, vegan": 32941.40625
        }
    },
    "saturday": {
        "breakfast": {
            "Egg, whole, boiled or poached": 7961.89404296875,
            "Hot dog, vegan": 28995.005859375,
            "Apple, raw": 15279.0693359375
        },
        "lunch": {
            "Cheese, Mozzarella, part skim": 3528.734619140625,
            "Hot dog, vegan": 21359.591796875,
            "Tofu": 9121.1728515625
        },
        "dinner": {
            "Hot dog, vegan": 27055.9140625,
            "Mushrooms, raw": 4032.437744140625
        }
    }
}